Element,    Number,     Mass
H,          1,          1.00794
He,         2,          4.00260
Li,         3,          6.94100
Be,         4,          9.01218
